date,count
2015-11-16T00:00:00.000001,50
2015-12-22T00:00:00.000001,419
2016-01-19T00:00:00.000001,741
2016-02-01T00:00:00.000001,1312
2016-02-29T00:00:00.000001,1642
2016-03-19T00:00:00.000001,2496
2016-03-23T00:00:00.000001,2763
2016-03-30T00:00:00.000001,4883
2016-04-02T00:00:00.000001,6012
2016-04-06T00:00:00.000001,6736
2016-04-12T00:00:00.000001,8446
2016-04-19T00:00:00.000001,9965
2016-05-10T00:00:00.000001,12176
2016-05-14T00:00:00.000001,13057
2016-05-20T00:00:00.000001,14442
2016-05-27T00:00:00.000001,17316
2016-06-08T00:00:00.000001,21324
2016-06-23T00:00:00.000001,24798
2016-07-16T00:00:00.000001,27492
2016-07-26T00:00:00.000001,29396
2016-08-02T00:00:00.000001,31810
2016-08-18T00:00:00.000001,36162
2016-08-29T00:00:00.000001,38345
2016-09-09T00:00:00.000001,40802
2016-09-23T00:00:00.000001,44854
2016-09-27T00:00:00.000001,46423
2016-10-03T00:00:00.000001,50065
2016-10-21T00:00:00.000001,58872
2016-11-03T00:00:00.000001,66478
2016-11-24T00:00:00.000001,73955
2016-12-16T00:00:00.000001,82758
2016-12-27T00:00:00.000001,86172
2017-01-05T00:00:00.000001,89171
2017-01-17T00:00:00.000001,96196
2017-01-24T00:00:00.000001,100000
2017-02-08T00:00:00.000001,112814
2017-02-23T00:00:00.000001,121562
2017-03-04T00:00:00.000001,130488
2017-04-04T00:00:00.000001,156836
2017-04-14T00:00:00.000001,168848
2017-04-27T00:00:00.000001,182365
2017-05-17T00:00:00.000001,201856
2017-06-06T00:00:00.000001,231317
2017-06-21T00:00:00.000001,250817
2017-06-23T00:00:00.000001,253006
2017-07-07T00:00:00.000001,285521
2017-07-20T00:00:00.000001,309719
2017-08-05T00:00:00.000001,341683
2017-08-22T00:00:00.000001,371587
2017-09-06T00:00:00.000001,401661
2017-09-22T00:00:00.000001,427027
2020-03-13T20:13:07.813098,4056390
2020-03-14T08:51:32.171606,4057434
2020-03-14T11:05:24.671398,4057906
2020-03-14T12:06:28.600703,4058153
2020-03-14T13:05:24.714587,4058431
2020-03-14T14:05:38.833888,4058705
2020-03-14T15:05:22.765232,4058942
2020-03-14T16:05:49.342284,4059247
2020-03-14T17:05:48.598414,4059542
2020-03-14T18:05:50.754346,4059819
2020-03-14T19:05:17.702331,4060024
2020-03-14T20:06:25.228723,4060177
2020-03-14T21:05:41.340695,4060521
2020-03-14T22:05:42.561307,4060645
2020-03-14T23:05:11.911978,4060851
2020-03-15T00:10:55.281167,4061015
2020-03-15T01:05:53.722884,4061088
2020-03-15T02:05:55.082451,4061126
2020-03-15T03:05:21.458805,4061146
2020-03-15T04:05:26.207597,4061166
2020-03-15T05:05:35.317977,4061171
2020-03-15T06:05:42.176635,4061176
2020-03-15T07:05:36.783710,4061179
2020-03-15T08:05:43.734045,4061198
2020-03-15T09:05:49.559505,4061251
2020-03-15T10:05:50.137469,4061397
2020-03-15T11:05:24.326564,4061554
2020-03-15T12:06:36.032625,4061769
2020-03-15T13:05:33.022192,4061988
2020-03-15T14:05:38.448166,4062263
2020-03-15T15:05:13.770473,4062481
2020-03-15T16:05:56.673153,4062764
2020-03-15T17:05:53.124582,4063013
2020-03-15T18:05:51.732055,4063271
2020-03-15T19:05:24.645442,4063561
2020-03-15T20:06:34.807702,4063868
2020-03-15T21:05:47.395854,4064132
2020-03-15T22:05:42.940661,4064378
2020-03-15T23:05:13.820882,4064563
2020-03-16T00:10:50.767728,4064693
2020-03-16T01:06:12.335780,4064777
2020-03-16T02:05:54.239643,4064814
2020-03-16T03:05:33.964398,4064842
2020-03-16T04:05:44.471182,4064863
2020-03-16T05:05:11.283302,4064868
2020-03-16T06:06:17.972613,4064889
2020-03-16T07:05:24.210414,4064893
2020-03-16T08:05:31.904658,4064937
2020-03-16T09:05:37.580349,4065015
2020-03-16T10:05:33.537424,4065145
2020-03-16T11:05:40.665046,4065270
2020-03-16T12:06:42.890015,4065502
2020-03-16T13:05:25.526488,4065673
2020-03-16T14:05:33.508408,4065975
2020-03-16T15:05:54.042769,4066228
2020-03-16T16:06:10.945845,4066488
2020-03-16T17:05:35.860557,4066723
2020-03-16T18:06:26.072828,4066974
2020-03-16T19:05:08.319763,4067194
2020-03-16T20:06:38.930837,4067446
2020-03-16T21:05:25.321825,4067683
2020-03-16T22:05:29.963571,4067952
2020-03-16T23:05:21.679072,4068146
2020-03-17T00:10:20.241835,4068286
2020-03-17T01:05:39.232512,4068368
2020-03-17T02:05:41.637672,4068408
2020-03-17T03:05:46.364044,4068431
2020-03-17T04:05:53.431891,4068442
2020-03-17T05:05:27.474096,4068459
2020-03-17T06:06:00.248887,4068468
2020-03-17T07:05:35.095189,4068478
2020-03-17T08:05:44.737492,4068541
2020-03-17T09:05:58.313198,4068589
2020-03-17T10:05:52.822510,4068757
2020-03-17T11:05:28.724711,4068859
2020-03-17T12:06:51.828639,4069089
2020-03-17T13:05:31.087374,4069443
2020-03-17T14:05:32.925500,4069603
2020-03-17T15:05:54.348752,4069863
2020-03-17T16:05:52.246848,4070089
2020-03-17T17:05:51.921471,4070345
2020-03-17T18:06:03.800295,4070541
2020-03-17T19:05:28.559191,4070826
2020-03-17T20:06:32.674300,4071043
2020-03-17T21:05:22.690289,4071306
2020-03-17T22:05:55.547739,4071568
2020-03-17T23:05:37.543934,4071721
2020-03-18T00:10:04.926036,4071853
2020-03-18T01:05:33.124273,4071922
2020-03-18T02:05:44.126064,4071966
2020-03-18T03:05:43.132229,4071994
2020-03-18T04:05:48.808959,4072009
2020-03-18T05:05:23.736146,4072022
2020-03-18T06:06:05.213208,4072040
2020-03-18T07:05:32.112907,4072054
2020-03-18T08:05:52.333619,4072119
2020-03-18T09:04:21.483021,4072211
2020-03-18T10:04:28.073949,4072266
2020-03-18T11:04:34.329816,4072424
2020-03-18T12:05:09.135773,4072716
2020-03-18T13:04:09.074369,4072846
2020-03-18T14:04:46.263139,4073099
2020-03-18T15:05:23.384194,4073337
2020-03-18T16:05:26.231624,4073548
2020-03-18T17:04:27.468535,4073778
2020-03-18T18:04:39.823524,4074002
2020-03-18T19:04:25.338242,4074236
2020-03-18T20:05:07.411660,4074436
2020-03-18T21:04:23.848033,4074627
2020-03-18T22:04:18.091515,4074822
2020-03-18T23:04:04.829447,4074979
2020-03-19T00:09:50.989896,4075114
2020-03-19T01:04:26.438062,4075184
2020-03-19T02:04:33.663907,4075229
2020-03-19T03:04:35.026722,4075253
2020-03-19T04:04:31.919527,4075265
2020-03-19T05:04:09.833793,4075277
2020-03-19T06:04:44.156671,4075285
2020-03-19T07:04:22.458026,4075301
2020-03-19T08:04:14.753820,4075337
2020-03-19T09:04:05.600173,4075436
2020-03-19T10:04:43.161208,4075522
2020-03-19T11:04:41.767270,4075663
2020-03-19T12:05:19.895087,4075829
2020-03-19T13:04:19.340339,4076016
2020-03-19T14:04:44.579431,4076235
2020-03-19T15:04:58.637470,4076430
2020-03-19T16:04:22.565249,4076430
2020-03-19T17:04:22.921260,4076697
2020-03-19T18:04:37.017740,4076974
2020-03-19T19:04:08.521910,4077119
2020-03-19T20:04:44.268385,4077412
2020-03-19T21:04:20.593500,4077615
2020-03-19T22:04:07.735857,4077744
2020-03-19T23:04:04.196683,4077995
2020-03-20T00:09:48.714877,4078082
2020-03-20T01:04:10.238131,4078102
2020-03-20T02:04:09.998900,4078152
2020-03-20T03:04:09.111996,4078184
2020-03-20T04:04:12.697213,4078192
2020-03-20T05:04:13.093307,4078199
2020-03-20T06:04:24.828719,4078207
2020-03-20T07:04:30.970134,4078224
2020-03-20T08:04:28.937122,4078269
2020-03-20T09:04:35.325232,4078359
2020-03-20T10:04:50.829213,4078450
2020-03-20T11:04:18.649039,4078599
2020-03-20T12:05:21.624408,4078758
2020-03-20T13:04:31.092290,4078949
2020-03-20T14:04:36.765932,4079122
2020-03-20T15:04:29.912047,4079330
2020-03-20T16:05:14.777463,4079541
2020-03-20T17:04:32.899082,4079719
2020-03-20T18:04:28.477835,4079908
2020-03-20T19:04:28.810646,4080082
2020-03-20T20:04:55.742654,4080252
2020-03-20T21:04:37.506597,4080424
2020-03-20T22:04:05.578651,4080553
2020-03-20T23:04:10.153885,4080638
2020-03-21T00:07:32.935251,4080749
2020-03-21T01:04:21.043417,4080789
2020-03-21T02:04:30.574873,4080820
2020-03-21T04:04:07.255209,4080856
2020-03-21T05:04:10.615486,4080872
2020-03-21T06:04:12.600318,4080883
2020-03-21T07:04:20.550303,4080902
2020-03-21T08:04:23.868814,4080927
2020-03-21T09:04:24.708042,4080978
2020-03-21T10:04:26.961409,4081092
2020-03-21T11:03:56.613140,4081192
2020-03-21T12:05:05.959805,4081396
2020-03-21T13:04:05.107516,4081554
2020-03-21T14:04:04.687642,4081747
2020-03-21T15:04:15.871119,4081868
2020-03-21T16:04:06.735646,4082142
2020-03-21T17:04:35.071644,4082401
2020-03-21T18:04:17.284834,4082500
2020-03-21T19:04:41.564304,4082643
2020-03-21T20:05:01.918204,4082810
2020-03-21T21:04:13.216369,4082942
2020-03-21T22:04:05.252359,4083069
2020-03-21T23:04:14.158940,4083165
2020-03-22T00:07:55.796933,4083313
2020-03-22T01:04:20.695997,4083346
2020-03-22T02:04:22.160438,4083376
2020-03-22T03:04:25.048918,4083400
2020-03-22T04:04:32.638198,4083407
2020-03-22T05:04:03.556500,4083413
2020-03-22T06:04:39.003307,4083418
2020-03-22T07:04:12.942360,4083423
2020-03-22T08:04:18.710514,4083427
2020-03-22T09:04:26.606141,4083458
2020-03-22T10:04:27.244370,4083549
2020-03-22T11:04:15.899103,4083610
2020-03-22T12:04:55.018504,4083807
2020-03-22T13:03:57.632079,4083950
2020-03-22T14:04:11.762877,4084047
2020-03-22T15:04:18.839290,4084184
2020-03-22T16:09:14.946252,4084361
2020-03-22T19:39:10.587660,4084900
2020-03-22T20:40:18.548337,4085041
2020-03-22T21:25:50.553123,4085154
2020-03-22T22:03:55.735652,4085204
2020-03-22T23:04:05.243176,4085300
2020-03-23T00:07:47.121753,4085378
2020-03-23T01:04:25.146557,4085419
2020-03-23T02:04:23.697820,4085460
2020-03-23T03:04:24.260168,4085475
2020-03-23T04:04:28.599580,4085484
2020-03-23T05:04:29.206990,4085487
2020-03-23T06:04:37.005048,4085493
2020-03-23T07:04:11.951773,4085517
2020-03-23T08:04:41.266203,4085517
2020-03-23T09:04:30.534034,4085567
2020-03-23T10:04:10.860092,4085629
2020-03-23T11:04:05.491768,4085729
2020-03-23T12:04:45.807213,4085879
2020-03-23T13:04:20.476980,4086057
2020-03-23T14:04:16.174490,4086268
2020-03-23T15:04:23.517504,4086394
2020-03-23T16:04:50.137250,4086600
2020-03-23T17:04:29.353398,4086766
2020-03-23T18:04:48.787044,4086966
2020-03-23T19:04:00.451524,4087145
2020-03-23T20:04:49.205897,4087305
2020-03-23T21:04:09.979507,4087459
2020-03-23T22:04:09.709353,4087591
2020-03-23T23:04:03.319200,4087680
2020-03-24T00:08:11.331331,4087758
2020-03-24T01:04:04.401916,4087806
2020-03-24T02:04:10.667263,4087830
2020-03-24T03:04:14.282704,4087852
2020-03-24T04:04:24.371534,4087861
2020-03-24T05:04:16.495872,4087872
2020-03-24T06:04:24.320490,4087880
2020-03-24T07:04:24.666441,4087882
2020-03-24T08:04:27.943392,4087892
2020-03-24T09:04:35.415863,4087955
2020-03-24T10:04:26.617905,4088033
2020-03-24T11:04:27.730717,4088152
2020-03-24T12:04:53.117187,4088316
2020-03-24T13:04:34.475771,4088543
2020-03-24T14:04:36.395944,4088645
2020-03-24T15:04:38.272736,4088841
2020-03-24T16:04:21.365684,4089009
2020-03-24T17:04:21.714231,4089168
2020-03-24T18:04:26.683583,4089354
2020-03-24T19:04:03.975486,4089501
2020-03-24T20:05:07.473411,4089714
2020-03-24T21:04:17.078013,4089845
2020-03-24T22:04:22.073637,4090009
2020-03-24T23:04:30.351257,4090099
2020-03-25T00:10:06.478555,4090215
2020-03-25T01:04:26.925567,4090276
2020-03-25T02:04:18.399090,4090309
2020-03-25T03:04:26.482528,4090334
2020-03-25T04:04:12.640481,4090344
2020-03-25T05:04:31.702253,4090354
2020-03-25T06:08:05.616238,4090365
2020-03-25T07:04:20.122946,4090383
2020-03-25T08:04:36.043895,4090386
2020-03-25T09:04:19.891063,4090468
2020-03-25T10:04:36.581099,4090568
2020-03-25T11:04:18.605081,4090711
2020-03-25T12:05:02.773350,4090857
2020-03-25T13:04:05.762122,4090976
2020-03-25T14:04:27.295561,4091178
2020-03-25T15:04:18.563035,4091375
2020-03-25T16:04:55.688203,4091580
2020-03-25T17:04:18.118070,4091698
2020-03-25T18:04:42.779438,4091870
2020-03-25T19:04:13.334634,4092060
2020-03-25T20:04:52.102768,4092209
2020-03-25T21:04:42.390540,4092314
2020-03-25T22:03:57.434278,4092450
2020-03-25T23:04:31.290804,4092546
2020-03-26T00:08:11.643066,4092642
2020-03-26T01:04:39.233065,4092677
2020-03-26T02:04:25.429191,4092709
2020-03-26T03:04:16.092587,4092729
2020-03-26T04:04:25.709933,4092734
2020-03-26T05:04:20.892464,4092745
2020-03-26T06:04:19.227573,4092749
2020-03-26T07:04:21.999973,4092765
2020-03-26T08:04:47.704010,4092787
2020-03-26T09:04:52.369437,4092804
2020-03-26T10:04:30.793200,4092957
2020-03-26T11:04:17.611244,4093092
2020-03-26T12:05:18.919860,4093283
2020-03-26T13:04:30.802423,4093378
2020-03-26T14:04:23.129597,4093600
2020-03-26T15:04:38.314378,4093819
2020-03-26T16:04:39.787763,4093998
2020-03-26T17:04:45.582592,4094180
2020-03-26T18:05:18.982832,4094380
2020-03-26T19:04:18.746870,4094524
2020-03-26T20:05:02.094853,4094688
2020-03-26T21:04:51.796780,4094824
2020-03-26T22:04:23.805057,4094986
2020-03-26T23:04:30.291651,4095067
2020-03-27T00:10:43.587340,4095145
2020-03-27T01:04:37.003808,4095201
2020-03-27T02:04:30.113401,4095224
2020-03-27T03:04:26.281822,4095245
2020-03-27T04:04:21.837394,4095261
2020-03-27T05:04:33.789339,4095270
2020-03-27T06:04:48.149824,4095275
2020-03-27T07:04:37.121959,4095289
2020-03-27T08:04:55.781377,4095328
2020-03-27T09:05:15.863236,4095402
2020-03-27T10:04:27.735413,4095455
2020-03-27T11:04:34.909280,4095569
2020-03-27T12:05:53.311267,4095798
2020-03-27T13:05:00.798168,4095988
2020-03-27T14:05:02.389318,4096248
2020-03-27T15:05:25.528608,4096470
2020-03-27T16:05:53.899550,4096659
2020-03-27T17:05:26.441757,4096870
2020-03-27T18:04:43.570361,4097113
2020-03-27T19:04:07.608850,4097246
2020-03-27T20:04:41.993093,4097509
2020-03-27T21:04:10.841059,4097583
2020-03-27T22:03:56.824414,4097719
2020-03-27T23:04:08.272041,4097875
2020-03-28T00:07:50.868611,4097970
2020-03-28T01:04:14.511558,4098018
2020-03-28T02:04:14.658244,4098060
2020-03-28T03:04:18.777327,4098085
2020-03-28T04:04:14.972990,4098099
2020-03-28T05:04:19.572138,4098106
2020-03-28T06:04:44.952815,4098115
2020-03-28T07:04:26.070183,4098124
2020-03-28T08:04:24.885195,4098160
2020-03-28T09:04:27.395579,4098208
2020-03-28T10:04:31.525791,4098324
2020-03-28T11:04:06.889868,4098445
2020-03-28T12:05:04.473993,4098562
2020-03-28T13:04:16.078797,4098712
2020-03-28T14:04:12.390758,4098961
2020-03-28T15:04:18.824664,4099247
2020-03-28T16:04:23.992241,4099439
2020-03-28T17:04:25.801339,4099539
2020-03-28T18:04:32.750060,4099735
2020-03-28T19:04:40.768117,4099941
2020-03-28T20:04:40.978228,4100064
2020-03-28T21:03:58.572190,4100185
2020-03-28T22:04:15.412627,4100280
2020-03-28T23:04:12.090017,4100378
2020-03-29T00:08:17.861308,4100413
2020-03-29T01:04:37.441940,4100440
2020-03-29T02:04:31.315994,4100472
2020-03-29T03:04:29.957257,4100492
2020-03-29T04:04:34.091035,4100503
2020-03-29T05:04:06.287325,4100506
2020-03-29T06:04:41.896942,4100514
2020-03-29T07:04:17.197851,4100519
2020-03-29T08:04:17.981383,4100529
2020-03-29T09:04:24.911191,4100563
2020-03-29T10:04:26.215735,4100651
2020-03-29T11:04:34.771665,4100783
2020-03-29T12:04:56.585142,4100844
2020-03-29T13:04:14.428912,4100889
2020-03-29T14:04:02.732030,4101007
2020-03-29T15:04:09.311174,4101253
2020-03-29T16:04:12.671747,4101513
2020-03-29T17:04:15.892922,4101657
2020-03-29T18:04:50.555842,4101874
2020-03-29T19:04:27.945093,4102043
2020-03-29T20:04:54.988732,4102186
2020-03-29T21:04:03.574702,4102266
2020-03-29T22:04:07.409468,4102355
2020-03-29T23:04:10.120678,4102412
2020-03-30T00:07:59.660315,4102449
2020-03-30T01:04:31.792777,4102476
2020-03-30T02:04:40.302616,4102508
2020-03-30T03:04:31.165068,4102523
2020-03-30T04:04:36.604756,4102533
2020-03-30T05:04:06.639250,4102544
2020-03-30T06:04:49.667507,4102550
2020-03-30T07:04:20.374998,4102568
2020-03-30T08:04:29.002432,4102609
2020-03-30T09:04:03.949281,4102664
2020-03-30T10:04:08.277342,4102771
2020-03-30T11:04:04.636219,4102877
2020-03-30T12:05:06.884247,4103094
2020-03-30T13:04:15.220457,4103281
2020-03-30T14:04:21.120829,4103500
2020-03-30T15:04:24.946220,4103656
2020-03-30T16:04:31.903716,4103873
2020-03-30T17:04:09.483876,4104011
2020-03-30T18:04:42.434441,4104223
2020-03-30T19:04:01.112006,4104401
2020-03-30T20:04:58.542148,4104631
2020-03-30T21:04:07.729018,4104795
2020-03-30T22:04:01.576226,4104945
2020-03-30T23:04:04.216398,4105052
2020-03-31T00:08:01.996603,4105125
2020-03-31T01:04:23.111912,4105152
2020-03-31T02:04:31.012930,4105179
2020-03-31T03:04:24.245403,4105201
2020-03-31T04:04:26.695043,4105212
2020-03-31T05:04:24.674897,4105219
2020-03-31T06:04:50.188878,4105227
2020-03-31T07:04:14.953762,4105245
2020-03-31T08:04:42.157464,4105247
2020-03-31T09:04:17.189990,4105292
2020-03-31T10:05:07.549311,4105424
2020-03-31T11:04:23.098275,4105556
2020-03-31T12:05:00.628858,4105709
2020-03-31T13:04:11.432451,4105887
2020-03-31T14:04:24.131864,4106130
2020-03-31T15:04:16.401330,4106345
2020-03-31T16:04:27.812199,4106562
2020-03-31T17:04:12.801753,4106782
2020-03-31T18:04:12.027596,4106995
2020-03-31T19:03:42.471435,4107181
2020-03-31T20:04:26.252134,4107388
2020-03-31T21:03:50.148821,4107566
2020-03-31T22:03:40.589923,4107666
2020-03-31T23:04:06.927585,4107767
2020-04-01T00:08:21.192258,4107858
2020-04-01T01:04:34.734967,4107901
2020-04-01T02:04:28.508399,4107937
2020-04-01T03:04:21.159500,4107954
2020-04-01T04:04:20.111192,4107972
2020-04-01T05:04:12.807631,4107979
2020-04-01T06:04:44.459620,4107991
2020-04-01T07:04:14.899567,4108012
2020-04-01T08:04:30.742985,4108065
2020-04-01T09:04:21.721751,4108155
2020-04-01T10:04:20.146593,4108273
2020-04-01T11:04:28.341342,4108401
2020-04-01T12:05:02.563172,4108586
2020-04-01T13:04:08.550275,4108804
2020-04-01T14:04:12.947802,4108932
2020-04-01T15:04:13.122877,4109231
2020-04-01T16:04:23.598248,4109416
2020-04-01T17:04:20.794926,4109518
2020-04-01T18:04:09.652051,4109719
2020-04-01T19:04:21.462200,4109930
2020-04-01T20:04:54.057070,4110116
2020-04-01T21:04:26.379437,4110280
2020-04-01T22:04:20.764731,4110457
2020-04-01T23:04:27.099731,4110562
2020-04-02T00:07:57.825702,4110649
2020-04-02T01:04:39.655599,4110701
2020-04-02T02:04:16.003588,4110734
2020-04-02T03:04:36.526170,4110755
2020-04-02T04:04:23.001519,4110764
2020-04-02T05:04:29.617491,4110768
2020-04-02T06:04:41.604524,4110777
2020-04-02T07:04:32.695918,4110793
2020-04-02T08:04:50.177874,4110838
2020-04-02T09:04:16.210325,4110920
2020-04-02T10:04:53.579280,4111045
2020-04-02T11:04:22.596118,4111218
2020-04-02T12:05:26.425615,4111414
2020-04-02T13:04:14.304525,4111613
2020-04-02T14:04:18.335349,4111806
2020-04-02T15:04:40.635011,4112086
2020-04-02T16:04:29.204012,4112288
2020-04-02T17:04:19.601369,4112503
2020-04-02T18:04:11.316118,4112673
2020-04-02T19:04:15.354986,4112855
2020-04-02T20:04:44.099719,4113048
2020-04-02T21:06:26.208350,4113197
2020-04-02T22:04:16.925417,4113319
2020-04-02T23:04:16.671334,4113379
2020-04-03T00:08:15.613235,4113473
2020-04-03T01:04:37.373120,4113510
2020-04-03T02:04:50.417027,4113542
2020-04-03T03:04:05.531612,4113563
2020-04-03T04:04:41.302781,4113584
2020-04-03T05:04:34.128100,4113597
2020-04-03T06:04:41.265293,4113610
2020-04-03T07:04:23.279067,4113631
2020-04-03T08:04:47.334204,4113682
2020-04-03T09:04:17.725609,4113723
2020-04-03T10:04:42.351745,4113840
2020-04-03T11:04:39.526672,4114027
2020-04-03T12:05:07.748461,4114165
2020-04-03T13:04:22.121693,4114367
2020-04-03T14:04:10.844197,4114554
2020-04-03T15:04:22.198372,4114768
2020-04-03T16:04:27.220434,4114926
2020-04-03T17:04:12.472391,4115122
2020-04-03T18:04:33.485905,4115279
2020-04-03T19:04:10.539765,4115473
2020-04-03T20:04:42.151220,4115621
2020-04-03T21:04:33.369960,4115762
2020-04-03T22:04:16.035222,4115860
2020-04-03T23:04:21.014909,4115920
2020-04-04T00:07:58.560689,4116018
2020-04-04T01:04:30.221160,4116052
2020-04-04T02:04:35.312511,4116081
2020-04-04T03:04:30.375424,4116098
2020-04-04T04:04:38.586200,4116115
2020-04-04T05:04:23.820189,4116121
2020-04-04T06:04:38.383407,4116132
2020-04-04T07:04:18.514787,4116144
2020-04-04T08:04:38.469884,4116164
2020-04-04T09:04:19.727772,4116216
2020-04-04T10:04:23.203057,4116295
2020-04-04T11:04:10.899503,4116425
2020-04-04T12:04:52.163963,4116580
2020-04-04T13:03:27.661687,4116707
2020-04-04T14:03:31.586169,4116902
2020-04-04T15:03:38.774817,4117083
2020-04-04T16:03:33.998428,4117206
2020-04-04T17:03:28.555955,4117393
2020-04-04T18:03:35.644059,4117509
2020-04-04T19:03:31.891715,4117671
2020-04-04T20:04:15.385429,4117773
2020-04-04T21:03:52.895946,4117914
2020-04-04T22:03:36.299855,4118001
2020-04-04T23:03:35.424644,4118060
2020-04-05T00:06:37.609600,4118108
2020-04-05T01:04:20.212316,4118123
2020-04-05T02:03:49.032514,4118164
2020-04-05T03:03:48.164157,4118184
2020-04-05T04:04:13.528224,4118187
2020-04-05T05:03:56.126423,4118188
2020-04-05T06:03:55.952458,4118189
2020-04-05T07:03:44.016536,4118195
2020-04-05T08:03:35.909068,4118203
2020-04-05T09:04:00.835093,4118233
2020-04-05T10:03:50.390705,4118307
2020-04-05T11:03:44.072327,4118413
2020-04-05T12:03:56.299818,4118486
2020-04-05T13:03:34.828286,4118627
2020-04-05T14:03:31.943810,4118753
2020-04-05T15:03:44.630517,4118883
2020-04-05T16:03:53.245584,4119016
2020-04-05T17:03:40.179786,4119126
2020-04-05T18:03:39.886966,4119242
2020-04-05T19:03:37.360750,4119363
2020-04-05T20:04:04.614463,4119491
2020-04-05T21:03:40.059736,4119609
2020-04-05T22:03:57.360604,4119703
2020-04-05T23:03:41.791029,4119780
2020-04-06T00:06:34.693162,4119825
2020-04-06T01:04:00.376437,4119863
2020-04-06T02:03:47.674766,4119887
2020-04-06T03:03:50.203700,4119899
2020-04-06T04:03:58.154771,4119914
2020-04-06T05:03:55.781714,4119919
2020-04-06T06:04:20.879294,4119924
2020-04-06T07:03:29.895296,4119948
2020-04-06T08:04:11.910403,4119978
2020-04-06T09:04:05.528870,4120028
2020-04-06T10:03:47.209396,4120133
2020-04-06T11:04:24.275133,4120274
2020-04-06T12:04:23.216289,4120442
2020-04-06T13:03:31.759346,4120579
2020-04-06T14:03:36.083952,4120769
2020-04-06T15:03:32.516849,4121017
2020-04-06T16:04:24.565019,4121176
2020-04-06T17:03:47.923455,4121325
2020-04-06T18:04:28.304603,4121509
2020-04-06T19:03:21.104763,4121686
2020-04-06T20:04:14.791456,4121852
2020-04-06T21:03:54.687086,4121985
2020-04-06T22:03:30.225767,4122091
2020-04-06T23:03:41.307790,4122169
2020-04-07T00:07:15.578864,4122219
2020-04-07T01:03:45.074554,4122262
2020-04-07T02:03:49.811451,4122281
2020-04-07T03:04:17.003095,4122298
2020-04-07T04:03:47.561056,4122303
2020-04-07T05:03:55.304489,4122312
2020-04-07T06:04:15.197335,4122319
2020-04-07T07:03:43.944023,4122344
2020-04-07T08:04:06.362758,4122374
2020-04-07T09:04:00.407686,4122445
2020-04-07T10:03:54.426743,4122554
2020-04-07T11:03:36.186298,4122700
2020-04-07T12:04:35.902951,4122863
2020-04-07T13:03:58.357005,4123032
2020-04-07T14:03:07.384109,4123213
2020-04-07T15:04:30.802771,4123397
2020-04-07T16:03:28.951075,4123566
2020-04-07T17:03:14.810902,4123756
2020-04-07T18:03:53.659779,4123914
2020-04-07T19:03:28.131996,4124061
2020-04-07T20:03:47.691605,4124185
2020-04-07T21:03:44.928865,4124278
2020-04-07T22:03:45.720440,4124392
2020-04-07T23:03:19.158475,4124497
2020-04-08T00:07:11.042313,4124559
2020-04-08T01:03:59.720198,4124597
2020-04-08T02:03:31.752418,4124615
2020-04-08T03:03:35.570838,4124639
2020-04-08T04:03:40.016947,4124649
2020-04-08T05:03:33.419222,4124657
2020-04-08T06:03:46.542540,4124665
2020-04-08T07:03:42.094602,4124696
2020-04-08T08:03:26.153727,4124727
2020-04-08T09:03:44.527319,4124796
2020-04-08T10:03:41.636361,4124887
2020-04-08T11:03:17.532462,4125050
2020-04-08T12:04:08.093628,4125225
2020-04-08T13:03:31.036084,4125395
2020-04-08T14:03:28.812298,4125636
2020-04-08T15:03:42.963187,4125686
2020-04-08T16:03:48.753213,4126023
2020-04-08T17:03:29.713030,4126196
2020-04-08T18:03:36.452923,4126347
2020-04-08T19:03:41.105690,4126536
2020-04-08T20:03:55.652622,4126686
2020-04-08T21:03:48.018204,4126847
2020-04-08T22:03:43.097556,4126972
2020-04-08T23:03:24.715357,4127069
2020-04-09T00:05:46.594829,4127104
2020-04-09T01:03:43.993822,4127161
2020-04-09T02:03:26.657808,4127189
2020-04-09T03:03:26.658034,4127203
2020-04-09T04:03:40.279211,4127211
2020-04-09T05:03:45.001024,4127221
2020-04-09T06:03:54.201371,4127238
2020-04-09T07:03:31.873601,4127256
2020-04-09T08:03:43.046187,4127287
2020-04-09T09:03:32.075823,4127339
2020-04-09T10:03:38.118210,4127455
2020-04-09T11:03:43.596090,4127674
2020-04-09T12:03:56.613912,4127793
2020-04-09T13:03:30.992953,4127872
2020-04-09T14:03:19.159475,4128037
2020-04-09T15:03:21.023482,4128309
2020-04-09T16:03:38.181721,4128523
2020-04-09T17:03:24.181858,4128746
2020-04-09T18:04:11.948746,4128925
2020-04-09T19:03:31.618724,4129072
2020-04-09T20:03:31.379973,4129250
2020-04-09T21:03:13.401360,4129342
2020-04-09T22:03:42.984751,4129507
2020-04-09T23:04:31.446030,4129582
2020-04-10T00:08:39.752911,4129624
2020-04-10T01:04:21.843387,4129649
2020-04-10T02:04:06.550435,4129669
2020-04-10T03:03:53.845973,4129676
2020-04-10T04:04:09.226069,4129688
2020-04-10T05:04:03.398841,4129699
2020-04-10T06:04:31.197904,4129704
2020-04-10T07:04:08.293519,4129726
2020-04-10T08:04:32.620021,4129745
2020-04-10T09:04:12.262391,4129839
2020-04-10T10:04:02.209800,4129883
2020-04-10T11:04:06.554030,4130036
2020-04-10T12:04:52.160488,4130165
2020-04-10T13:04:03.234783,4130342
2020-04-10T14:04:14.243646,4130502
2020-04-10T15:04:16.464887,4130626
2020-04-10T16:04:21.553462,4130756
2020-04-10T17:04:00.790947,4130900
2020-04-10T18:04:08.948377,4130980
2020-04-10T19:03:54.309182,4131055
2020-04-10T20:04:26.021028,4131221
2020-04-10T21:03:53.178934,4131310
2020-04-10T22:04:14.815054,4131419
2020-04-10T23:04:03.996121,4131486
2020-04-11T00:07:31.981172,4131533
2020-04-11T01:04:11.978150,4131576
2020-04-11T02:04:10.319762,4131590
2020-04-11T03:04:06.879952,4131599
2020-04-11T04:04:22.613921,4131609
2020-04-11T05:04:15.968060,4131613
2020-04-11T06:04:28.267425,4131623
2020-04-11T07:04:15.943267,4131642
2020-04-11T08:04:30.129610,4131667
2020-04-11T09:04:06.438086,4131707
2020-04-11T10:03:55.091977,4131787
2020-04-11T11:04:17.933647,4131883
2020-04-11T15:03:53.828518,4132423
2020-04-11T16:04:13.282439,4132545
2020-04-11T17:04:06.537701,4132707
2020-04-11T18:04:24.506118,4132784
2020-04-11T19:03:52.313016,4132888
2020-04-11T20:04:21.802361,4132997
2020-04-11T21:04:11.365497,4133087
2020-04-11T22:04:02.742592,4133152
2020-04-11T23:04:01.356374,4133239
2020-04-12T00:08:00.496133,4133282
2020-04-12T01:04:13.503113,4133312
2020-04-12T02:04:17.386261,4133336
2020-04-12T03:04:12.545486,4133344
2020-04-12T04:04:17.969328,4133349
2020-04-12T05:04:03.178903,4133350
2020-04-12T06:04:21.341142,4133353
2020-04-12T07:03:52.363470,4133356
2020-04-12T08:04:12.175381,4133364
2020-04-12T09:04:06.546983,4133388
2020-04-12T10:04:19.141497,4133474
2020-04-12T11:04:11.552612,4133593
2020-04-12T12:05:05.882399,4133666
2020-04-12T13:04:14.081396,4133842
2020-04-12T14:03:56.540232,4133905
2020-04-12T15:04:04.394058,4133963
2020-04-12T16:04:21.743262,4134167
2020-04-12T17:04:09.733285,4134310
2020-04-12T18:04:15.215597,4134414
2020-04-12T19:03:46.532580,4134511
2020-04-12T20:04:09.607835,4134628
2020-04-12T21:03:46.221171,4134707
2020-04-12T22:04:18.890102,4134795
2020-04-12T23:03:42.010490,4134859
2020-04-13T00:07:48.804485,4134905
2020-04-13T01:03:54.191667,4134939
2020-04-13T02:03:59.817845,4134958
2020-04-13T03:03:57.382684,4134969
2020-04-13T04:03:54.613278,4134973
2020-04-13T05:04:59.246799,4134984
2020-04-13T06:04:01.908442,4134993
2020-04-13T07:04:15.776639,4135004
2020-04-13T08:04:22.291052,4135023
2020-04-13T09:04:04.700664,4135064
2020-04-13T10:03:46.046401,4135160
2020-04-13T11:03:58.685350,4135248
2020-04-13T12:04:38.818218,4135384
2020-04-13T13:04:09.453274,4135517
2020-04-13T14:04:37.413328,4135716
2020-04-13T15:04:10.281368,4135840
2020-04-13T16:04:17.510242,4136008
2020-04-13T17:03:41.638193,4136160
2020-04-13T18:03:50.501027,4136308
2020-04-13T19:03:32.702018,4136455
2020-04-13T20:04:10.807274,4136573
2020-04-13T21:04:00.948430,4136682
2020-04-13T22:03:34.520414,4136790
2020-04-14T00:18:11.372513,4136927
2020-04-14T01:03:47.249919,4136955
2020-04-14T02:03:50.155901,4136967
2020-04-14T03:03:48.792808,4136976
2020-04-14T04:04:00.186702,4136979
2020-04-14T05:03:46.736462,4136986
2020-04-14T06:04:04.853471,4136992
2020-04-14T07:03:42.277034,4137000
2020-04-14T08:04:08.085019,4137033
2020-04-14T09:03:52.801193,4137054
2020-04-14T10:04:00.447103,4137155
2020-04-14T11:04:04.756177,4137295
2020-04-14T12:04:55.631224,4137526
2020-04-14T13:03:59.314975,4137672
2020-04-14T14:04:17.706528,4137845
2020-04-14T15:03:50.577630,4138014
2020-04-14T16:04:15.642198,4138206
2020-04-14T17:03:51.397244,4138375
2020-04-14T18:05:46.567817,4138458
2020-04-14T19:03:32.241519,4138689
2020-04-14T20:04:19.083831,4138845
2020-04-14T21:03:59.138905,4138982
2020-04-14T22:03:35.182775,4139106
2020-04-14T23:03:52.960221,4139184
2020-04-15T00:08:30.078000,4139235
2020-04-15T01:04:18.391018,4139260
2020-04-15T02:04:21.050867,4139292
2020-04-15T03:04:07.142364,4139305
2020-04-15T04:04:07.565325,4139317
2020-04-15T05:03:51.057698,4139324
2020-04-15T06:04:01.289535,4139335
2020-04-15T07:03:59.572675,4139353
2020-04-15T08:04:06.644128,4139390
2020-04-15T09:04:09.077535,4139451
2020-04-15T10:03:54.887017,4139546
2020-04-15T11:04:02.464081,4139726
2020-04-15T12:05:47.072455,4139826
2020-04-15T13:04:51.700246,4140053
2020-04-15T15:49:44.720805,4140480
2020-04-15T16:06:37.084502,4140480
2020-04-15T17:04:07.153551,4140787
2020-04-15T18:04:45.541700,4140954
2020-04-15T19:06:18.587182,4141063
2020-04-15T20:04:55.609663,4141215
2020-04-15T21:20:41.959198,4141374
2020-04-15T22:04:06.286505,4141484
2020-04-15T23:03:50.291371,4141568
2020-04-16T00:07:52.132571,4141630
2020-04-16T01:04:11.251413,4141641
2020-04-16T02:03:52.223359,4141674
2020-04-16T03:04:12.009077,4141684
2020-04-16T04:04:19.486412,4141695
2020-04-16T05:04:01.986997,4141706
2020-04-16T06:04:20.840533,4141717
2020-04-16T07:04:07.877186,4141741
2020-04-16T08:04:19.073524,4141747
2020-04-16T09:04:07.058013,4141836
2020-04-16T10:04:16.427581,4141936
2020-04-16T11:03:57.607650,4142073
2020-04-16T12:04:44.168405,4142250
2020-04-16T13:03:57.043997,4142518
2020-04-16T14:04:20.004958,4142690
2020-04-16T15:21:55.517954,4142904
2020-04-16T16:16:59.581450,4143105
2020-04-16T17:05:25.790587,4143294
2020-04-16T18:04:18.366794,4143464
2020-04-16T19:03:55.410822,4143602
2020-04-16T20:04:58.674541,4143764
2020-04-16T21:03:46.306678,4143861
2020-04-16T22:04:20.333651,4144008
2020-04-16T23:03:39.940464,4144093
2020-04-17T00:09:18.326205,4144157
2020-04-17T01:04:08.870652,4144197
2020-04-17T02:04:11.990600,4144213
2020-04-17T03:03:52.121929,4144232
2020-04-17T04:03:55.926665,4144242
2020-04-17T05:03:46.904247,4144248
2020-04-17T06:04:00.612989,4144259
2020-04-17T07:04:06.503747,4144280
2020-04-17T08:04:26.859766,4144323
2020-04-17T09:04:11.571857,4144344
2020-04-17T10:03:30.689535,4144470
2020-04-17T11:03:40.469684,4144640
2020-04-17T12:04:24.442199,4144822
2020-04-17T13:04:06.597417,4145058
2020-04-17T14:04:04.781316,4145224
2020-04-17T15:04:31.764790,4145491
2020-04-17T16:04:18.132225,4145697
2020-04-17T17:03:42.113152,4145891
2020-04-17T18:04:10.791062,4146029
2020-04-17T19:03:52.604480,4146239
2020-04-17T20:04:31.049027,4146372
2020-04-17T21:03:35.012408,4146501
2020-04-17T22:04:00.667548,4146572
2020-04-17T23:03:29.071577,4146663
2020-04-18T00:07:53.878414,4146714
2020-04-18T01:04:33.276993,4146757
2020-04-18T02:04:06.013851,4146779
2020-04-18T03:04:05.898049,4146787
2020-04-18T04:03:55.942733,4146800
2020-04-18T05:04:07.448796,4146803
2020-04-18T06:04:09.409738,4146813
2020-04-18T07:03:56.389609,4146822
2020-04-18T08:04:07.492180,4146832
2020-04-18T09:03:56.953367,4146865
2020-04-18T10:03:59.128900,4146966
2020-04-18T11:03:54.460567,4147146
2020-04-18T12:04:25.091245,4147256
2020-04-18T13:04:03.706953,4147437
2020-04-18T14:03:52.736386,4147693
2020-04-18T15:04:04.545136,4147866
2020-04-18T16:03:46.302587,4148041
2020-04-18T17:04:21.613627,4148147
2020-04-18T18:04:03.564487,4148316
2020-04-18T19:03:49.385739,4148452
2020-04-18T20:04:18.599680,4148582
2020-04-18T21:03:58.202810,4148696
2020-04-18T22:04:03.431328,4148827
2020-04-18T23:03:40.225429,4148897
2020-04-19T00:07:39.310679,4148970
2020-04-19T01:03:44.334612,4148980
2020-04-19T02:04:02.020927,4148983
2020-04-19T03:03:51.980541,4148992
2020-04-19T04:04:00.048094,4148997
2020-04-19T05:03:46.627957,4148997
2020-04-19T06:03:59.781674,4148998
2020-04-19T07:04:08.337297,4149002
2020-04-19T08:03:49.999787,4149011
2020-04-19T09:04:08.635451,4149015
2020-04-19T10:03:49.632663,4149112
2020-04-19T11:03:35.982289,4149239
2020-04-19T12:04:25.168174,4149354
2020-04-19T13:04:01.888516,4149493
2020-04-19T14:03:51.156414,4149639
2020-04-19T15:04:05.621689,4149786
2020-04-19T16:03:54.657432,4149928
2020-04-19T17:04:00.615356,4150051
2020-04-19T18:04:02.881344,4150200
2020-04-19T19:03:49.324652,4150322
2020-04-19T20:04:04.913373,4150450
2020-04-19T21:03:49.621468,4150572
2020-04-19T22:03:54.348944,4150679
2020-04-19T23:03:47.790229,4150732
2020-04-20T00:07:52.720285,4150807
2020-04-20T01:04:12.757147,4150844
2020-04-20T02:04:02.882851,4150864
2020-04-20T03:04:06.947417,4150871
2020-04-20T04:04:10.973139,4150881
2020-04-20T05:03:57.315690,4150887
2020-04-20T06:04:11.327324,4150895
2020-04-20T07:04:03.316974,4150905
2020-04-20T08:04:17.942944,4150913
2020-04-20T09:04:16.665469,4150954
2020-04-20T10:04:09.812791,4151004
2020-04-20T11:03:37.144021,4151098
2020-04-20T12:04:54.620898,4151300
2020-04-20T13:03:51.433497,4151535
2020-04-20T14:04:06.265743,4151721
2020-04-20T15:03:54.812039,4151824
2020-04-20T16:04:07.574978,4152057
2020-04-20T17:03:41.158037,4152355
2020-04-20T18:04:13.835009,4152529
2020-04-20T19:03:55.488154,4152708
2020-04-20T20:04:31.732230,4152884
2020-04-20T21:03:56.604419,4153045
2020-04-20T22:03:57.222888,4153120
2020-04-20T23:04:30.812374,4153202
2020-04-21T00:07:42.664565,4153291
2020-04-21T01:04:04.667127,4153323
2020-04-21T02:03:53.878687,4153357
2020-04-21T03:04:24.392351,4153371
2020-04-21T04:03:55.224957,4153385
2020-04-21T05:03:58.700335,4153389
2020-04-21T06:04:10.522816,4153404
2020-04-21T07:04:04.136800,4153426
2020-04-21T08:04:16.106921,4153472
2020-04-21T09:03:55.904169,4153554
2020-04-21T10:04:03.633158,4153681
2020-04-21T11:03:58.651666,4153844
2020-04-21T12:04:38.984412,4154052
2020-04-21T13:03:57.791168,4154172
2020-04-21T14:03:55.988334,4154457
2020-04-21T15:11:32.823927,4154660
2020-04-21T16:28:31.337206,4154837
2020-04-21T17:03:52.941478,4154942
2020-04-21T18:04:14.074379,4155207
2020-04-21T19:03:57.971516,4155401
2020-04-21T20:04:37.472781,4155570
2020-04-21T21:04:02.764764,4155688
2020-04-21T22:03:48.778964,4155741
2020-04-21T23:03:52.738274,4155839
2020-04-22T00:07:29.565181,4155912
2020-04-22T01:04:07.012023,4155950
2020-04-22T02:03:48.467673,4155983
2020-04-22T03:04:09.348087,4155992
2020-04-22T04:04:12.985448,4156006
2020-04-22T05:04:03.450830,4156018
2020-04-22T06:04:15.722853,4156032
2020-04-22T07:04:10.971191,4156067
2020-04-22T08:04:29.946372,4156099
2020-04-22T09:04:06.838933,4156114
2020-04-22T10:03:58.808529,4156315
2020-04-22T11:03:56.148718,4156483
2020-04-22T12:04:31.471064,4156664
2020-04-22T13:04:07.659355,4156869
2020-04-22T14:03:54.568753,4157043
2020-04-22T15:04:03.319300,4157254
2020-04-22T16:03:55.740221,4157271
2020-04-22T17:04:31.815898,4157629
2020-04-22T18:04:10.510709,4157752
2020-04-22T19:04:14.816893,4157942
2020-04-22T20:04:25.990596,4158163
2020-04-22T21:04:04.568629,4158264
2020-04-22T22:03:54.715668,4158382
2020-04-22T23:04:04.233789,4158504
2020-04-23T00:07:26.302373,4158547
2020-04-23T01:04:18.344017,4158576
2020-04-23T02:03:51.123143,4158591
2020-04-23T03:04:05.060649,4158621
2020-04-23T04:04:16.352605,4158630
2020-04-23T05:03:59.921252,4158638
2020-04-23T06:04:01.329783,4158644
2020-04-23T07:04:10.009592,4158671
2020-04-23T08:04:28.838537,4158723
2020-04-23T09:04:14.980462,4158727
2020-04-23T10:04:07.484548,4158920
2020-04-23T11:04:10.523468,4159087
2020-04-23T12:04:48.853670,4159202
2020-04-23T13:03:55.218140,4159459
2020-04-23T15:04:02.597931,4159841
2020-04-23T16:04:09.325847,4160013
2020-04-23T17:04:49.612775,4160218
2020-04-23T18:04:31.139142,4160336
2020-04-23T19:03:50.208801,4160497
2020-04-23T20:33:55.662256,4160727
2020-04-23T21:03:41.730483,4160756
2020-04-23T22:03:59.236348,4160897
2020-04-23T23:03:39.452758,4160955
2020-04-24T00:07:51.699315,4161030
2020-04-24T01:04:08.003415,4161052
2020-04-24T02:03:58.635409,4161093
2020-04-24T03:04:08.032716,4161107
2020-04-24T04:03:56.884381,4161129
2020-04-24T05:03:37.992055,4161147
2020-04-24T06:04:00.752277,4161168
2020-04-24T07:04:09.798132,4161194
2020-04-24T08:04:39.574101,4161264
2020-04-24T09:04:07.221113,4161338
2020-04-24T10:04:08.974501,4161469
2020-04-24T11:03:50.422042,4161589
2020-04-24T12:04:53.887638,4161820
2020-04-24T13:03:46.575819,4162035
2020-04-24T14:03:58.367497,4162133
2020-04-24T15:03:42.602016,4162228
2020-04-24T16:04:07.146687,4162581
2020-04-24T17:03:48.612684,4162681
2020-04-24T18:04:04.765849,4162853
2020-04-24T19:03:27.465442,4163055
2020-04-24T20:04:34.042693,4163235
2020-04-24T21:03:39.926673,4163343
2020-04-24T22:04:03.407222,4163453
2020-04-24T23:03:47.529419,4163542
2020-04-25T00:07:43.498567,4163613
2020-04-25T01:03:56.934658,4163633
2020-04-25T02:04:09.105315,4163656
2020-04-25T03:04:13.472418,4163677
2020-04-25T04:04:16.090051,4163700
2020-04-25T05:03:52.644465,4163721
2020-04-25T06:04:14.930288,4163728
2020-04-25T07:03:52.339850,4163751
2020-04-25T08:04:20.088584,4163776
2020-04-25T09:04:02.253979,4163830
2020-04-25T10:04:09.143369,4163972
2020-04-25T11:04:08.861284,4164145
2020-04-25T12:04:49.367548,4164282
2020-04-25T13:04:14.116278,4164450
2020-04-25T14:04:00.373081,4164618
2020-04-25T15:04:08.560191,4164770
2020-04-25T16:04:09.568162,4164958
2020-04-25T17:03:47.380613,4165094
2020-04-25T18:04:08.246734,4165289
2020-04-25T19:03:53.447796,4165360
2020-04-25T20:04:47.992010,4165522
2020-04-25T21:03:50.445685,4165621
2020-04-25T22:04:00.972296,4165673
2020-04-25T23:03:44.775177,4165776
2020-04-26T00:07:52.375431,4165818
2020-04-26T01:04:06.821778,4165830
2020-04-26T02:04:12.954218,4165846
2020-04-26T03:03:56.843391,4165853
2020-04-26T04:04:11.904001,4165855
2020-04-26T05:03:49.668004,4165860
2020-04-26T06:04:19.535961,4165863
2020-04-26T07:03:56.673725,4165873
2020-04-26T08:04:05.901845,4165877
2020-04-26T09:04:00.497236,4165916
2020-04-26T10:03:49.736518,4166017
2020-04-26T11:03:54.972497,4166213
2020-04-26T12:05:02.935139,4166294
2020-04-26T13:03:44.651553,4166517
2020-04-26T14:04:19.884460,4166651
2020-04-26T15:03:52.340184,4166794
2020-04-26T16:04:07.717996,4166889
2020-04-26T17:03:50.369053,4167075
2020-04-26T18:04:13.949330,4167212
2020-04-26T19:03:47.962567,4167282
2020-04-26T20:04:30.394139,4167449
2020-04-26T21:03:49.268955,4167593
2020-04-26T22:03:56.593592,4167649
2020-04-26T23:03:42.990700,4167725
2020-04-27T00:08:10.630541,4167787
2020-04-27T01:03:48.732384,4167832
2020-04-27T02:03:56.809509,4167847
2020-04-27T03:03:52.519121,4167860
2020-04-27T04:04:01.071868,4167876
2020-04-27T05:03:43.154660,4167879
2020-04-27T06:04:17.691336,4167889
2020-04-27T07:04:16.295474,4167904
2020-04-27T08:04:46.519005,4167934
2020-04-27T09:04:20.623656,4168009
2020-04-27T10:04:09.274655,4168086
2020-04-27T11:03:56.314077,4168280
2020-04-27T12:05:03.379236,4168400
2020-04-27T13:03:49.442172,4168638
2020-04-27T14:03:54.354125,4168834
2020-04-27T15:04:02.639624,4169021
2020-04-27T16:04:01.677840,4169216
2020-04-27T17:04:03.166134,4169352
2020-04-27T18:04:14.460921,4169556
2020-04-27T19:04:00.420090,4169753
2020-04-27T20:04:31.333623,4169946
2020-04-27T21:04:38.000089,4170069
2020-04-27T22:04:06.983830,4170190
2020-04-27T23:03:55.158803,4170235
2020-04-28T00:07:59.951511,4170327
2020-04-28T01:04:14.370271,4170359
2020-04-28T02:04:15.436216,4170388
2020-04-28T03:03:55.852377,4170405
2020-04-28T04:04:13.357367,4170422
2020-04-28T05:03:52.339462,4170429
2020-04-28T06:04:04.632014,4170439
2020-04-28T07:04:05.552512,4170445
2020-04-28T08:04:11.462661,4170462
2020-04-28T09:04:13.721367,4170498
2020-04-28T10:03:57.048783,4170615
2020-04-28T11:04:16.462358,4170830
2020-04-28T12:04:28.114630,4171042
2020-04-28T13:04:20.346995,4171205
2020-04-28T14:03:59.612321,4171456
2020-04-28T15:04:05.780174,4171605
2020-04-28T16:03:59.793922,4171746
2020-04-28T17:03:45.189979,4172006
2020-04-28T18:04:00.959000,4172241
2020-04-28T19:03:42.008201,4172548
2020-04-28T20:04:33.208764,4172731
2020-04-28T21:03:50.771905,4172905
2020-04-28T22:03:53.856454,4173020
2020-04-28T23:04:04.536081,4173154
2020-04-29T00:08:00.450874,4173241
2020-04-29T01:04:09.189227,4173277
2020-04-29T02:04:06.477072,4173304
2020-04-29T03:04:04.659707,4173326
2020-04-29T04:04:19.014875,4173338
2020-04-29T05:03:49.871873,4173353
2020-04-29T06:04:26.179742,4173361
2020-04-29T07:04:02.197602,4173388
2020-04-29T08:04:22.041118,4173424
2020-04-29T09:04:06.324239,4173513
2020-04-29T10:04:01.924195,4173623
2020-04-29T11:03:49.621949,4173781
2020-04-29T12:04:36.770536,4173944
2020-04-29T13:03:48.027570,4174122
2020-04-29T14:04:11.030445,4174363
2020-04-29T15:04:09.759704,4174559
2020-04-29T16:04:16.512033,4174835
2020-04-29T17:03:52.144333,4175099
2020-04-29T18:04:21.529523,4175401
2020-04-29T19:04:01.738383,4175617
2020-04-29T20:04:25.635385,4175778
2020-04-29T21:03:29.405748,4175959
2020-04-29T22:03:41.775306,4176089
2020-04-29T23:03:57.567807,4176210
2020-04-30T00:08:08.106623,4176278
2020-04-30T01:04:11.059828,4176346
2020-04-30T02:03:54.400959,4176393
2020-04-30T03:04:07.228548,4176423
2020-04-30T04:03:42.885946,4176435
2020-04-30T05:04:10.765217,4176442
2020-04-30T06:04:14.097207,4176459
2020-04-30T07:03:57.717981,4176490
2020-04-30T08:04:29.927299,4176520
2020-04-30T09:04:02.203835,4176590
2020-04-30T10:04:06.393953,4176787
2020-04-30T11:04:00.509034,4176971
2020-04-30T12:04:52.315556,4177151
2020-04-30T13:04:07.698502,4177343
2020-04-30T14:03:46.398927,4177496
2020-04-30T15:03:34.994193,4177793
2020-04-30T16:04:22.924096,4178008
2020-04-30T17:04:08.825443,4178335
2020-04-30T18:04:33.618630,4178425
2020-04-30T19:03:40.482378,4178638
2020-04-30T20:04:37.284907,4178920
2020-04-30T21:04:00.961411,4178993
2020-04-30T22:03:55.669294,4179170
2020-04-30T23:03:55.979520,4179292
2020-05-01T00:08:26.164786,4179396
2020-05-01T01:04:27.807166,4179419
2020-05-01T02:04:19.272013,4179456
2020-05-01T03:03:51.275545,4179478
2020-05-01T04:04:11.388369,4179496
2020-05-01T05:04:00.654063,4179514
2020-05-01T06:04:13.754998,4179524
2020-05-01T07:03:53.916894,4179549
2020-05-01T08:04:50.740342,4179598
2020-05-01T09:04:01.646949,4179700
2020-05-01T10:04:14.521480,4179834
2020-05-01T11:03:59.292411,4179952
2020-05-01T12:04:57.747526,4180203
2020-05-01T13:03:50.509401,4180462
2020-05-01T14:04:01.679781,4180673
2020-05-01T15:18:45.187772,4180916
2020-05-01T16:04:34.367468,4181154
2020-05-01T17:04:04.260963,4181395
2020-05-01T18:04:35.849887,4181568
2020-05-01T19:04:16.457515,4181709
2020-05-01T20:04:34.478158,4181858
2020-05-01T21:04:15.529849,4181968
2020-05-01T22:04:10.361612,4182146
2020-05-01T23:03:41.038315,4182264
2020-05-02T00:08:08.176094,4182349
2020-05-02T01:05:18.766900,4182411
2020-05-02T02:04:00.301105,4182464
2020-05-02T03:04:10.867431,4182484
2020-05-02T04:04:06.500912,4182500
2020-05-02T05:03:50.472798,4182517
2020-05-02T06:04:07.903614,4182535
2020-05-02T07:04:03.375249,4182558
2020-05-02T08:04:17.665396,4182600
2020-05-02T09:04:00.603957,4182662
2020-05-02T10:04:08.444525,4182778
2020-05-02T11:03:55.261905,4182882
2020-05-02T12:04:43.505781,4183048
2020-05-02T13:03:50.736030,4183238
2020-05-02T14:04:05.221243,4183404
2020-05-02T15:03:57.155659,4183564
2020-05-02T16:04:07.383181,4183760
2020-05-02T17:04:19.235762,4183909
2020-05-02T18:04:00.297956,4184027
2020-05-02T19:03:50.061309,4184169
2020-05-02T20:04:37.945232,4184278
2020-05-02T21:04:05.985484,4184400
2020-05-02T22:04:09.008860,4184498
2020-05-02T23:03:49.327536,4184566
2020-05-03T00:08:42.759250,4184628
2020-05-03T01:04:10.192945,4184671
2020-05-03T02:04:09.542451,4184691
2020-05-03T03:04:08.348598,4184712
2020-05-03T04:04:18.959041,4184725
2020-05-03T05:04:04.429163,4184729
2020-05-03T06:04:17.727802,4184735
2020-05-03T07:04:04.863825,4184739
2020-05-03T08:04:15.843135,4184745
2020-05-03T09:04:22.210490,4184754
2020-05-03T10:03:58.885789,4184866
2020-05-03T11:04:01.687133,4185017
2020-05-03T12:04:49.273300,4185171
2020-05-03T13:04:08.696736,4185330
2020-05-03T14:04:03.708761,4185514
2020-05-03T15:04:05.045797,4185678
2020-05-03T16:04:21.751952,4185829
2020-05-03T17:04:26.249502,4186001
2020-05-03T18:04:04.098976,4186173
2020-05-03T19:04:08.103916,4186341
2020-05-03T20:04:24.646306,4186490
2020-05-03T21:04:14.840686,4186610
2020-05-03T22:04:02.254181,4186737
2020-05-03T23:04:00.124465,4186828
2020-05-04T00:08:17.987446,4186896
2020-05-04T01:04:08.539246,4186950
2020-05-04T02:04:19.700377,4186971
2020-05-04T03:04:10.408302,4186985
2020-05-04T04:04:20.821009,4187009
2020-05-04T05:04:03.406978,4187022
2020-05-04T06:04:34.179142,4187030
2020-05-04T07:04:25.659484,4187041
2020-05-04T08:04:50.473986,4187081
2020-05-04T09:05:56.482365,4187143
2020-05-04T10:04:16.674048,4187249
2020-05-04T11:04:03.580468,4187371
2020-05-04T12:05:10.422484,4187516
2020-05-04T13:03:54.809818,4187756
2020-05-04T14:04:07.430961,4187909
2020-05-04T15:05:17.481328,4188168
2020-05-04T16:08:15.353603,4188372
2020-05-04T17:19:00.735250,4188593
2020-05-04T18:04:52.045403,4188732
2020-05-04T19:04:12.481174,4188988
2020-05-04T20:06:23.014709,4189150
2020-05-04T21:12:28.494884,4189285
2020-05-04T22:05:45.738350,4189381
2020-05-04T23:05:12.388751,4189505
2020-05-05T02:04:09.335786,4189659
2020-05-05T03:08:08.515407,4189689
2020-05-05T04:05:13.160528,4189700
2020-05-05T05:07:58.442799,4189709
2020-05-05T06:05:01.533188,4189728
2020-05-05T07:05:17.590644,4189751
2020-05-05T08:04:22.309437,4189781
2020-05-05T09:04:58.167762,4189871
2020-05-05T10:04:53.451002,4190001
2020-05-05T11:04:27.354124,4190164
2020-05-05T13:04:22.999979,4190502
2020-05-05T14:06:07.167714,4190634
2020-05-05T15:23:01.280865,4190857
2020-05-05T16:06:23.326723,4191045
2020-05-05T17:04:09.916284,4191163
2020-05-05T18:04:37.110819,4191386
2020-05-05T19:04:00.652879,4191696
2020-05-05T20:05:56.168827,4191839
2020-05-05T21:19:07.357351,4192095
2020-05-05T22:03:54.845765,4192153
2020-05-05T23:04:16.184295,4192265
2020-05-06T00:12:55.926286,4192336
2020-05-06T01:08:08.097645,4192402
2020-05-06T02:04:40.645323,4192428
2020-05-06T03:04:28.367937,4192457
2020-05-06T04:05:17.403519,4192473
2020-05-06T05:04:05.498666,4192479
2020-05-06T06:04:44.939663,4192509
2020-05-06T07:10:15.638916,4192547
2020-05-06T08:04:28.870877,4192566
2020-05-06T09:04:20.159990,4192637
2020-05-06T10:04:18.442408,4192770
2020-05-06T11:04:22.182775,4192851
2020-05-06T12:07:33.400309,4193077
2020-05-06T13:04:02.727714,4193257
2020-05-06T14:04:27.053504,4193495
2020-05-06T15:05:50.344250,4193639
2020-05-06T16:09:52.143072,4193868
2020-05-06T17:19:29.295708,4194090
2020-05-06T18:04:22.501284,4194257
2020-05-06T19:04:20.370296,4194401
2020-05-06T20:04:30.630047,4194657
2020-05-06T21:04:49.053476,4194842
2020-05-06T22:04:03.553150,4194975
2020-05-06T23:04:02.812972,4195069
2020-05-07T00:10:08.292471,4195128
2020-05-07T01:08:08.206798,4195185
2020-05-07T02:07:25.183675,4195210
2020-05-07T03:05:25.420355,4195224
2020-05-07T04:07:07.487928,4195249
2020-05-07T05:08:05.586924,4195253
2020-05-07T06:05:24.064058,4195267
2020-05-07T07:04:12.265561,4195298
2020-05-07T08:04:54.145863,4195354
2020-05-07T09:04:19.088292,4195411
2020-05-07T10:04:37.224499,4195495
2020-05-07T11:04:14.488005,4195641
2020-05-07T12:05:58.910280,4195801
2020-05-07T13:06:10.933584,4196007
2020-05-07T14:05:09.430524,4196156
2020-05-07T15:10:48.140518,4196411
2020-05-07T16:09:14.284719,4196536
2020-05-07T17:04:36.997178,4196787
2020-05-07T18:04:11.246747,4196965
2020-05-07T19:05:34.753877,4197157
2020-05-07T20:06:04.160941,4197303
2020-05-07T21:04:08.069377,4197528
2020-05-07T22:03:57.821948,4197660
2020-05-08T00:12:42.973850,4197817
2020-05-08T01:08:16.170188,4197854
2020-05-08T02:04:46.792149,4197878
2020-05-08T03:05:04.044875,4197888
2020-05-08T04:07:44.197015,4197917
2020-05-08T05:03:53.923478,4197925
2020-05-08T06:05:13.988917,4197944
2020-05-08T07:04:15.299745,4197960
2020-05-08T08:04:45.641812,4197993
2020-05-08T09:04:03.922569,4198057
2020-05-08T10:04:27.006077,4198124
2020-05-08T11:03:57.141648,4198260
2020-05-08T12:05:16.763029,4198360
2020-05-08T13:05:19.470709,4198598
2020-05-08T14:04:43.849472,4198711
2020-05-08T15:05:07.207169,4198885
2020-05-08T16:04:45.770310,4198919
2020-05-08T17:04:45.030739,4199133
2020-05-08T18:04:38.147133,4199268
2020-05-08T19:03:54.136725,4199461
2020-05-08T20:05:09.026752,4199531
2020-05-08T21:04:12.038926,4199695
2020-05-08T22:04:19.195199,4199758
2020-05-08T23:05:16.251158,4199854
2020-05-09T00:13:41.887199,4199972
2020-05-09T01:10:02.923520,4200010
2020-05-09T02:08:24.546945,4200032
2020-05-09T03:04:40.811222,4200057
2020-05-09T04:08:50.517640,4200078
2020-05-09T05:08:24.305280,4200088
2020-05-09T06:05:12.165462,4200101
2020-05-09T07:07:16.775551,4200119
2020-05-09T08:04:51.029642,4200148
2020-05-09T09:04:36.259872,4200190
2020-05-09T10:08:13.468588,4200317
2020-05-09T11:03:55.622049,4200399
2020-05-09T12:06:09.761657,4200502
2020-05-09T13:08:22.611481,4200659
2020-05-09T14:04:34.723594,4200771
2020-05-09T15:04:03.533483,4200907
2020-05-09T16:04:24.774772,4201008
2020-05-09T17:03:57.596795,4201144
2020-05-09T18:04:36.187355,4201222
2020-05-09T19:08:23.888028,4201369
2020-05-09T20:04:36.448429,4201484
2020-05-09T21:04:17.174364,4201532
2020-05-09T22:04:15.647275,4201677
2020-05-09T23:05:17.216661,4201756
2020-05-10T00:09:40.542115,4201783
2020-05-10T01:08:33.489455,4201847
2020-05-10T02:04:58.507336,4201868
2020-05-10T03:04:17.763556,4201882
2020-05-10T04:07:13.214234,4201891
2020-05-10T05:08:28.175071,4201905
2020-05-10T06:04:42.688771,4201913
2020-05-10T07:07:44.449046,4201925
2020-05-10T08:04:55.257947,4201946
2020-05-10T09:04:20.737363,4201985
2020-05-10T10:09:11.345573,4202061
2020-05-10T11:09:15.215974,4202186
2020-05-10T12:05:29.595311,4202266
2020-05-10T13:08:43.610775,4202454
2020-05-10T14:06:25.839492,4202633
2020-05-10T15:07:56.580130,4202714
2020-05-10T16:05:11.155774,4202917
2020-05-10T17:05:22.034912,4203096
2020-05-10T18:04:12.874103,4203264
2020-05-10T19:05:46.781974,4203361
2020-05-10T20:04:49.709988,4203552
2020-05-10T21:08:16.869030,4203670
2020-05-10T22:04:30.380341,4203730
2020-05-10T23:05:07.500658,4203862
2020-05-11T00:09:15.470234,4203926
2020-05-11T01:09:00.021309,4203962
2020-05-11T02:04:59.557914,4203985
2020-05-11T03:04:55.729251,4204011
2020-05-11T04:06:39.889526,4204020
2020-05-11T05:05:19.892820,4204027
2020-05-11T06:05:19.581678,4204041
2020-05-11T07:04:40.391978,4204061
2020-05-11T08:04:30.653587,4204101
2020-05-11T09:06:12.744430,4204162
2020-05-11T10:04:12.591615,4204240
2020-05-11T11:04:37.357496,4204398
2020-05-11T12:05:44.386731,4204562
2020-05-11T13:08:31.029743,4204701
2020-05-11T14:04:21.451371,4204922
2020-05-11T15:24:23.268462,4205181
2020-05-11T16:05:48.181122,4205329
2020-05-11T17:04:57.437614,4205562
2020-05-11T18:09:39.214863,4205755
2020-05-11T19:05:11.138577,4205939
2020-05-11T20:08:24.182326,4206059
2020-05-11T21:05:21.802476,4206197
2020-05-11T22:05:54.797597,4206359
2020-05-11T23:05:38.071288,4206447
2020-05-12T00:13:45.620346,4206514
2020-05-12T01:04:52.582500,4206557
2020-05-12T02:04:48.100232,4206591
2020-05-12T03:04:27.541307,4206618
2020-05-12T04:09:11.556664,4206623
2020-05-12T05:04:42.224204,4206633
2020-05-12T06:05:29.200759,4206650
2020-05-12T07:05:02.474769,4206656
2020-05-12T08:04:33.867607,4206671
2020-05-12T09:04:57.484740,4206730
2020-05-12T10:04:31.166889,4206845
2020-05-12T11:05:23.906195,4207017
2020-05-12T12:05:53.385770,4207244
2020-05-12T13:04:16.952270,4207369
2020-05-12T14:22:05.651111,4207619
2020-05-12T15:29:21.383544,4207815
2020-05-12T16:18:11.317043,4207993
2020-05-12T17:09:39.994109,4208070
2020-05-12T18:09:09.342260,4208220
2020-05-12T19:05:21.996242,4208457
2020-05-12T20:05:57.112530,4208597
2020-05-12T21:13:32.351621,4208792
2020-05-12T22:15:01.793699,4208980
2020-05-12T23:03:49.073078,4209045
2020-05-13T00:16:34.511842,4209155
2020-05-13T01:05:21.952887,4209194
2020-05-13T02:04:53.368334,4209227
2020-05-13T03:04:36.054633,4209249
2020-05-13T04:06:33.660287,4209264
2020-05-13T05:05:57.167317,4209279
2020-05-13T06:04:48.407197,4209288
2020-05-13T07:04:46.879283,4209318
2020-05-13T08:04:35.912477,4209381
2020-05-13T09:05:23.489623,4209423
2020-05-13T10:04:19.007399,4209547
2020-05-13T11:04:10.101358,4209689
2020-05-13T12:06:05.299418,4209863
2020-05-13T13:07:00.165329,4210065
2020-05-13T14:06:27.185165,4210282
2020-05-13T15:04:27.914794,4210516
2020-05-13T16:09:23.357056,4210719
2020-05-13T17:05:34.296646,4210935
2020-05-13T18:04:24.015999,4211166
2020-05-13T19:06:19.618753,4211378
2020-05-13T20:05:16.961104,4211574
2020-05-13T21:10:17.917527,4211768
2020-05-13T22:05:37.521732,4211859
2020-05-13T23:04:03.896610,4211981
2020-05-14T00:13:42.928283,4212048
2020-05-14T01:04:28.334065,4212092
2020-05-14T02:05:45.420016,4212128
2020-05-14T03:05:37.360206,4212160
2020-05-14T04:06:44.737842,4212185
2020-05-14T05:07:21.859385,4212203
2020-05-14T06:05:29.377929,4212214
2020-05-14T07:04:42.200173,4212276
2020-05-14T08:04:38.751097,4212300
2020-05-14T09:09:55.964295,4212406
2020-05-14T10:04:44.606382,4212547
2020-05-14T11:04:16.794183,4212629
2020-05-14T12:08:20.365492,4212834
2020-05-14T13:05:50.408048,4213108
2020-05-14T14:04:03.361878,4213315
2020-05-14T15:05:41.238760,4213509
2020-05-14T16:04:33.746390,4213671
2020-05-14T17:04:25.611765,4213893
2020-05-14T18:05:15.624344,4214119
2020-05-14T19:04:24.675593,4214334
2020-05-14T20:05:24.764904,4214630
2020-05-14T21:04:01.531213,4214712
2020-05-14T22:05:02.221468,4214852
2020-05-14T23:04:56.537521,4214959
2020-05-15T00:14:04.289345,4215075
2020-05-15T01:04:37.309878,4215103
